<?xml version="1.0" encoding="UTF-8" standalone="yes"?>
<manifest>
  <control namespace="DisplayInputText" constructor="DisplayInputText" version="0.0.1" display-name-key="DisplayInputText" description-key="DisplayInputText description" control-type="standard" api-version="1.3.5">
    <external-service-usage enabled="false"/>
    <property name="TextValue" display-name-key="TextValue" description-key="TextValue_Desc" of-type-group="strings" usage="bound"/>
    <property name="Font" display-name-key="Font" description-key="Font_Desc" of-type="SingleLine.Text" usage="input"/>
    <property name="FontSize" display-name-key="FontSize" description-key="FontSize_Desc" of-type="Whole.None" usage="input"/>
    <property name="AutoHeightValue" display-name-key="AutoHeightValue" description-key="AutoHeightValue_Desc" of-type="Whole.None" usage="bound"/>
    <type-group name="strings">
      <type>SingleLine.Text</type>
      <type>SingleLine.TextArea</type>
      <type>Multiple</type>
    </type-group>
    <resources>
      <code path="bundle.js" order="1"/>
      <css path="css/DisplayInputText.css" order="1"/>
      <resx path="strings/DisplayInputText.1033.resx" version="1.0.0"/>
    </resources>
    <built-by name="pac" version="1.22.2"/>
  </control>
</manifest>